"","baseMean","log2FoldChange","lfcSE","stat","pvalue","padj"
"MSTRG.43179",66.1719153369612,1.86772311521691,0.49724894936594,3.75611274312095,0.000172572973867723,0.0724436778955545
"MSTRG.11587",267.87652056989,1.42713248490304,0.382297195468978,3.73304460984164,0.000189179073069184,0.0755010184016477
"MSTRG.57024",404.688263619482,-1.19863481884586,0.256692220614025,-4.66954088432693,3.01873619858804e-06,0.00865615096018882
"MSTRG.30934",890.379369070062,0.976830334406919,0.191714292070077,5.09524002545339,3.4829968401355e-07,0.0026160925446063
"MSTRG.48377",46.8107872689502,1.69595425030733,0.435313542564744,3.89593726010739,9.78197103838007e-05,0.0564383811568989
"MSTRG.31365",333.575219770887,-0.892381644697262,0.23961333957871,-3.72425694774028,0.000195891333914944,0.0762525295771617
"MSTRG.22797",2165.86486497316,1.00644250106912,0.197772854650426,5.08888089241599,3.60182738628565e-07,0.00262735683916389
"MSTRG.24793",65.0480379386061,1.78360867286078,0.453506056244294,3.93293242350879,8.39158345562175e-05,0.0523704726458057
"MSTRG.48958",216.019212732067,1.65902942799397,0.437947820198931,3.78818971456549,0.000151748958230503,0.0668264699347467
"MSTRG.44683",1252.23509589867,0.696212356419017,0.183734279201827,3.78923497261088,0.000151111930625653,0.0668264699347467
"MSTRG.636",96.7498431280083,2.58294719842851,0.543581256453921,4.75172233729782,2.01691215366075e-06,0.00685752402114241
"MSTRG.24505",3687.49456634936,-2.44071865371101,0.497490432299468,-4.9060614943481,9.29234018365752e-07,0.00446882513413234
"MSTRG.20699",44.9204358915489,1.73093920623402,0.450199483229883,3.84482717264728,0.000120637432195047,0.0600924697919233
"MSTRG.48892",817.326634053263,0.934110424498021,0.193355020027379,4.8310637311912,1.35805521330178e-06,0.00553269806374609
"MSTRG.2861",454.488778391589,-3.98701176789072,0.516956806956648,-7.71246594345564,1.2340961625262e-14,5.60376227920489e-08
"MSTRG.52651",1246.02906626411,1.24245188264082,0.249565777048345,4.97845456751122,6.40939839761572e-07,0.00364830340700034
"MSTRG.6219",611.333069018137,-0.853553041155068,0.196425998647115,-4.34541785218819,1.39010788530663e-05,0.019246940689678
"MSTRG.8304",16.4444586584174,2.99528757264569,0.669178033859405,4.4760697767838,7.60296455412469e-06,0.0138474714799813
"MSTRG.28352",657.36965729376,-1.09337860506427,0.27386712348329,-3.99236896768656,6.54164817081335e-05,0.0474447190584524
"MSTRG.31785",449.067767042375,-0.933275384927177,0.2015437169134,-4.63063497696725,3.64546047161693e-06,0.0093570676985091
"MSTRG.35093",4208.92990402717,-1.43300821943767,0.376853433948339,-3.80256112946581,0.000143207915144863,0.0658284592031027
"MSTRG.35094",370.553231167928,-2.16833365281578,0.431776466148176,-5.0218893867913,5.11656485830238e-07,0.00317786288204968
"MSTRG.37258",1142.98195022103,2.33498329428349,0.505671027868615,4.6175935847568,3.88215621088268e-06,0.00955866978537949
"MSTRG.57251",50.9979481618901,-1.61001979868791,0.44780437785991,-3.59536413284371,0.000323938158292798,0.096492315882839
"MSTRG.38893",5532.22681335005,-0.803257364762777,0.178906506517378,-4.4898163873361,7.12845938492244e-06,0.0133539645622902
"MSTRG.22250",1681.91527668823,-1.57777692164306,0.323158675494031,-4.8823597857338,1.04823772577367e-06,0.00476178043282721
"MSTRG.34169",41.2268997169698,2.6198771342422,0.660412696321873,3.96703023553824,7.27737632636099e-05,0.0491614978985788
"MSTRG.11291",102.30791117107,2.463119114547,0.539845213540174,4.56263953586708,5.05144995754862e-06,0.0111133477425596
"MSTRG.50058",1300.72443291873,-1.37691501426914,0.282258847951335,-4.87819965348451,1.07058529269645e-06,0.00479642647932294
"MSTRG.6814",76.0460392523525,1.49302405751096,0.409456832154135,3.64635277828,0.000265988753404289,0.0882278847076312
"MSTRG.54037",136.553511976912,1.18577225601006,0.331467232155315,3.57734382460602,0.000347103478533877,0.0996338727388419
"MSTRG.572",382.361398011491,1.71653037231929,0.47883233052067,3.58482554937921,0.000337303589265606,0.0982395441785449
"MSTRG.47610",49.315305379806,2.35967603166234,0.574883457838431,4.10461633482158,4.04986434265346e-05,0.0362548087208131
"MSTRG.33477",86.6219208703996,-1.74578161151391,0.479273884919499,-3.64255526212771,0.000269945000855048,0.0888083039089061
"MSTRG.10281",679.262890197636,1.06215444777873,0.2871257818337,3.69926532196234,0.000216224469459828,0.0793903559570457
"MSTRG.43667",522.237539265297,1.31916812883538,0.353766352074857,3.72892481463655,0.00019229851169062,0.0755010184016477
"MSTRG.43666",522.237539265297,1.31916812883538,0.353766352074857,3.72892481463655,0.00019229851169062,0.0755010184016477
"MSTRG.51612",542.780130756875,-0.874745621592016,0.22627275228391,-3.86589022656362,0.000110684717558938,0.0586942366587575
"MSTRG.35015",79.7297363036555,-3.07209703480022,0.464370604389183,-6.61561478216553,3.70010752267663e-11,1.01928933045947e-05
"MSTRG.21353",829.629172832346,1.6457763722756,0.319901857365044,5.14462899912954,2.68050010481561e-07,0.00224890093394677
"MSTRG.24925",107.470516881895,1.94012724923178,0.383359606384028,5.06085465688909,4.17381302281553e-07,0.00287060882739401
"MSTRG.15663",273.803010212559,-1.41528142702949,0.394449680845157,-3.58798978870277,0.000333237337726051,0.0975928887764539
"MSTRG.47966",329.429680747414,1.793398338028,0.355302546931694,5.04752457733654,4.47571209822981e-07,0.00290936611422972
"MSTRG.13671",602.670174624148,1.30691501305709,0.336861237998785,3.87968357778762,0.000104592437658397,0.0573258664725402
"MSTRG.44892",303.124446923825,1.00220794432675,0.244902578445117,4.09227191763254,4.27167324155731e-05,0.0372580778307352
"MSTRG.29563",67.6203209322645,2.31799261703172,0.494638026059968,4.68624023004388,2.78269618404398e-06,0.0083249609951985
"MSTRG.32134",160.182158647884,1.63748136319434,0.455826778019379,3.59233253103162,0.000327731269963657,0.0969548448585277
"MSTRG.35468",139.958019856747,-1.35587504094426,0.346952751842176,-3.90795298133572,9.30814146026082e-05,0.0549699467052124
"MSTRG.26499",116.026552590292,1.4774428145037,0.379695794551547,3.8911224082655,9.97815754663887e-05,0.0566980991074631
"MSTRG.511",210.179537913799,1.25234138671815,0.321145554784977,3.89960679218076,9.63490336487326e-05,0.0560020504383817
"MSTRG.49955",430.005717864215,-0.997312626001579,0.231178835194449,-4.31403084613139,1.60304565031886e-05,0.020174526320548
"MSTRG.46282",80.5431045747727,1.88638489831615,0.486906930805386,3.87422067538843,0.000106966452862584,0.0578747276854758
"MSTRG.40392",48.1956478864832,3.57141084277318,0.609605468877074,5.85856102858118,4.66895036729719e-09,0.000226523960680869
"MSTRG.40396",94.0355259135629,-2.0501278146206,0.46433186060637,-4.41522107042867,1.00906814952168e-05,0.0165110861285524
"MSTRG.56860",28.904839838653,2.77535329872801,0.645263158005663,4.30111848831706,1.69938155883136e-05,0.0207699419786697
"MSTRG.6672",126.45441860318,3.25705278487758,0.574881201406736,5.66561017634175,1.46502252199312e-08,0.000456786022750825
"MSTRG.31620",352.473458571049,1.47141344172993,0.396115031669992,3.71461147416333,0.000203516140818267,0.0775145955142923
"MSTRG.35756",1180.32861805742,2.14576601936455,0.575036147962684,3.73153240360082,0.000190318523514587,0.0755010184016477
"MSTRG.31996",136.856126159992,2.54733992152681,0.551297443144735,4.62062712824525,3.82581827277572e-06,0.00951672480548272
"MSTRG.23047",37.3446312837895,1.99313596809016,0.509730245107503,3.91017795632238,9.22281485468032e-05,0.0547876341351691
"MSTRG.32475",12.0170771631452,2.76620842784071,0.67124992319834,4.12098136959243,3.77261935908311e-05,0.034717573049818
"MSTRG.34731",256.189586914822,2.99391832679162,0.590661936398668,5.06875107789387,4.00434505611132e-07,0.00281214303037206
"MSTRG.34730",243.895774216341,1.87143397409326,0.509129422682696,3.67575294358817,0.000237148939828896,0.0834464449223036
"MSTRG.16022",1702.99285885616,-2.58250491141819,0.490803806622195,-5.2617866377025,1.42662263318934e-07,0.0015659352842466
"MSTRG.26649",15.744953060558,2.52293109035822,0.660233130668142,3.82127308244146,0.00013276453999864,0.0627479419474115
"MSTRG.49300",173.15288147137,-1.30873989839947,0.323160823749489,-4.0498098847959,5.12592591221657e-05,0.0417168369086803
"MSTRG.47804",68.5775060570355,-2.10851379261928,0.54793196027458,-3.84813069046504,0.000119022556443057,0.0600761267330287
"MSTRG.17031",255.473369941405,1.74354025668897,0.444140371410684,3.92565136817246,8.64953568783159e-05,0.0529868313209075
"MSTRG.9290",301.601870376002,1.4883752869768,0.37362143053729,3.98364538360774,6.78661208880214e-05,0.0480324081087466
"MSTRG.37160",247.393827733273,3.51625261985196,0.477580378473038,7.36264046503425,1.80307532694877e-13,3.25470401787548e-07
"MSTRG.1294",145.567375295,2.29931135602427,0.483583921830141,4.75473077624756,1.98711039756287e-06,0.00685752402114241
"MSTRG.8594",399.212680493735,-0.835319647027268,0.23139345997853,-3.60995357044565,0.00030625181850621,0.0941542183633878
"MSTRG.6816",24421.5894521286,-1.36082585336138,0.250524334373686,-5.43191086312418,5.57537724357617e-08,0.000906346715659033
"MSTRG.10767",221.612460511449,2.58281190334165,0.489974946362465,5.27131422232145,1.35450345952784e-07,0.00155727372319801
"MSTRG.41912",657.486282203459,-1.44820659810582,0.403343126670575,-3.59050769021439,0.00033003449223854,0.097129194702586
"MSTRG.39119",14.7072566563374,-3.09391228754806,0.668339876000493,-4.62924987517246,3.66992712342315e-06,0.0093570676985091
"MSTRG.19906",1685.58638882838,-0.814663204845039,0.22615418833115,-3.60224681601808,0.000315478610949199,0.09531541030035
"MSTRG.8832",458.756417490109,1.36104160376437,0.335857921220533,4.05243264419144,5.06878194936815e-05,0.0415869076729522
"MSTRG.37810",42.6669409040051,-1.71304657578283,0.463287574110638,-3.69758800259497,0.000217657773689343,0.0795656079040101
"MSTRG.29662",368.420061475529,-1.28158658140415,0.296144476999475,-4.32757211746488,1.5076198924478e-05,0.0195888805152408
"MSTRG.48704",216.431264165975,-1.66719073894379,0.417338360283191,-3.99481786867734,6.47440045841129e-05,0.0474447190584524
"MSTRG.35658",186.750879987284,-1.32876902251286,0.363008876939075,-3.66043120960887,0.000251791148314104,0.0862065407136824
"MSTRG.42281",210.454835092816,1.76014497303953,0.36149502899617,4.8690710296273,1.12124102696132e-06,0.00488199037962102
"MSTRG.25247",387.653023787515,-1.18079730436115,0.323886262556986,-3.64571592212373,0.000266648413508272,0.0882278847076312
"MSTRG.11611",167.973489931036,1.44094903867924,0.301189726334834,4.78419053735361,1.71677772988019e-06,0.00632350380850139
"MSTRG.12820",141.60620435416,-1.29794909799644,0.342795965977351,-3.7863604791726,0.000152869864490096,0.0669940566652859
"MSTRG.46273",39.9789003414982,2.17052779532632,0.578568112304851,3.75155102599684,0.000175743975414326,0.0732155275539941
"MSTRG.18390",215.82350590368,2.9125750663525,0.558467999583469,5.21529446364846,1.83525456798533e-07,0.00175921990514492
"MSTRG.18392",251.370972043366,2.82029358115115,0.646652287538374,4.36137571226605,1.29247207696645e-05,0.0188025949241531
"MSTRG.13701",68.9318927239216,1.58934344828709,0.419025618873665,3.79295054216308,0.000148867815143798,0.0668264699347467
"MSTRG.42983",54.1060985194656,2.01498725895252,0.422788941578825,4.76594125529379,1.87974025875723e-06,0.00665838568077997
"MSTRG.7809",318.545576005407,-0.973945772545217,0.242605556745448,-4.01452376281357,5.95659427111187e-05,0.0455431325103502
"MSTRG.14315",400.535234222377,2.31800662558547,0.451032679599385,5.13933187201504,2.75717062336953e-07,0.00224890093394677
"MSTRG.37285",206.18870191503,-1.14472117090244,0.317857199520687,-3.60136933386635,0.00031654550849014,0.09531541030035
"MSTRG.11451",394.280093328768,1.66670265582494,0.44300373876832,3.76227672583274,0.000168373600559613,0.071548854673782
"MSTRG.13145",1418.15784843097,1.97644733507139,0.376867862642232,5.2444040232416,1.56788294325697e-07,0.00165886905628251
"MSTRG.49664",379.285618126123,-1.43536151601497,0.369529753381252,-3.88429213853876,0.000102628449621502,0.0569066751944401
"MSTRG.3417",1991.9343153762,-1.72012246124682,0.253242555926442,-6.79239101403818,1.10290130146569e-11,4.66322127194256e-06
"MSTRG.8110",63.7211767150553,1.47484893462041,0.405664884821473,3.63563372084687,0.000277298104431466,0.0901363141194311
"MSTRG.10358",11.8959538380863,-2.66769871668979,0.672777371817104,-3.96520279730069,7.3333572602779e-05,0.0491614978985788
"MSTRG.10357",17.4267084342177,3.36235002168157,0.660294063063057,5.0922008992234,3.53930783879711e-07,0.0026201613894188
"MSTRG.15654",2820.94122110009,-0.925910433171808,0.231980836177542,-3.99132294041385,6.57057348604944e-05,0.0474447190584524
"MSTRG.18584",153.63938591746,1.4759046536107,0.296337346371704,4.98048818915802,6.34240734544622e-07,0.00364830340700034
"MSTRG.51955",542.518329651959,1.25830131597391,0.341143584778941,3.68848007735302,0.000225597686862754,0.0810547049792365
"MSTRG.8959",723.917063518803,1.70836505287798,0.346708274475046,4.92738471691979,8.33375639449069e-07,0.0043083936777878
"MSTRG.53627",944.582898627264,1.84485228488731,0.427901234171881,4.3113974383777,1.62226017126807e-05,0.0202574355164918
"MSTRG.9937",159.24025651556,2.28049722278815,0.611510757255957,3.72928390176072,0.000192024705811956,0.0755010184016477
"MSTRG.52119",46.4045525536527,4.38777966605193,0.637274594114641,6.88522609652724,5.76958250192644e-12,3.2629187745048e-06
"MSTRG.49906",279.275471548709,-1.4368584763717,0.371886155559848,-3.86370520894658,0.000111679988665924,0.0586942366587575
"MSTRG.42294",119.300579737149,-1.76250528547525,0.470177779643587,-3.74859332317086,0.000177829167389117,0.0733101819450136
"MSTRG.8683",2405.61076626309,1.54670936870516,0.42524457593563,3.63722303877025,0.000275593276002857,0.0899539189896802
"MSTRG.8687",634.009387746885,4.06027299281222,0.344820386195159,11.7750375423401,5.24937250959245e-32,5.81820306219275e-13
"MSTRG.23817",627.813575132511,1.62791475932865,0.355336457626454,4.58133333743082,4.62020727496602e-06,0.0104687651107275
"MSTRG.20129",147.656167375145,1.08551843937474,0.299427443558101,3.62531378712487,0.000288610798620841,0.091212844858753
"MSTRG.38153",460.99957463136,1.22766630889644,0.3233218368177,3.79704111847119,0.000146433507305312,0.0663341355287655
"MSTRG.21651",4170.87093307993,1.49096883888172,0.354384769339521,4.20720349144939,2.58550308713837e-05,0.0270677520441775
"MSTRG.5816",48.9906684719282,2.00161203031836,0.486903995616362,4.11089670312636,3.94125504514087e-05,0.035705571712233
"MSTRG.39058",888.17861062819,1.65651893143014,0.430911666526028,3.84421926838242,0.000120936838686244,0.0600924697919233
"MSTRG.20593",431.008961262048,-0.799831670456503,0.220584256713531,-3.62596897155371,0.000287879923066809,0.091212844858753
"MSTRG.15847",97.3802660407838,2.16884462696358,0.389391631311813,5.56982855449924,2.54990120738235e-08,0.000611116487050746
"MSTRG.40546",34.3824801305423,-2.82631978586604,0.639376835866785,-4.42042881024064,9.85052339132218e-06,0.0163331662298506
"MSTRG.23512",565.557065478227,-1.1959150382968,0.252998085670789,-4.72697267699083,2.27891916111706e-06,0.00739435511526554
"MSTRG.48359",406.276284166251,-1.2370347138094,0.285718328299767,-4.32956023917211,1.49407398076928e-05,0.0195888805152408
"MSTRG.42397",2017.92624611697,-2.36189937629443,0.366253955889073,-6.44880236326998,1.12737461694512e-10,2.1632241476735e-05
"MSTRG.39094",623.881584354304,-1.84745133571465,0.239714825846241,-7.70687140101901,1.28939612330731e-14,5.60376227920489e-08
"MSTRG.15652",120.283419125178,1.37325257623901,0.367407110618855,3.73768644250223,0.000185721361388525,0.0749923921685768
"MSTRG.3650",1479.19391665925,-1.74808679920792,0.310824284791156,-5.62403545907767,1.86547332074954e-08,0.000507941221517787
"MSTRG.4922",178.463462709604,2.62075619104386,0.512878144531672,5.10990031255274,3.22328840337862e-07,0.00249672899247888
"MSTRG.43831",85.798564726307,2.84380773105925,0.533169972562934,5.33377323818358,9.61926372302929e-08,0.00127823102208891
"MSTRG.5891",56.7408058905428,-2.06857930153769,0.521594401610821,-3.9658771166818,7.31265320900112e-05,0.0491614978985788
"MSTRG.25512",164.10821639181,3.35963158539745,0.439474487186522,7.64465670557014,2.09503521558716e-14,7.10587160224208e-08
"MSTRG.39447",140.534786496939,1.76730482008825,0.409620204820571,4.31449620719368,1.59967280166276e-05,0.020174526320548
"MSTRG.6806",213.732393131014,1.09788533105176,0.274902839226654,3.99372132401502,6.50443067448265e-05,0.0474447190584524
"MSTRG.32932",21478.4548772457,-1.36651397996971,0.297513760070768,-4.59311186025368,4.36684832770329e-06,0.0101666867662823
"MSTRG.9136",288.00990296905,-1.43766335580394,0.373801257953695,-3.84606345006479,0.000120030692388913,0.0600924697919233
"MSTRG.12325",80.8670817822466,3.36120730484689,0.45923875236039,7.31908465383418,2.49668068925416e-13,3.73724516095868e-07
"MSTRG.57350",19.132966101409,3.07748440473542,0.647469517750468,4.75309542822596,2.00325736664859e-06,0.00685752402114241
"MSTRG.12326",762.761068354293,2.36962177059126,0.435184633057124,5.44509523221195,5.17776763962058e-08,0.000878946886128366
"MSTRG.12324",403.031098127845,2.27189616456033,0.428387242490902,5.30337026693455,1.13684004814839e-07,0.00139287298067857
"MSTRG.764",62.4661534217102,-1.90501072653429,0.471029423654246,-4.04435610785249,5.24671200679882e-05,0.0420972457755628
"MSTRG.38977",49.7554953335782,-1.96432030658511,0.431460065433695,-4.55272796709613,5.29547288519916e-06,0.0113685468208653
"MSTRG.7309",173.472000003575,2.12637994372521,0.483784270767317,4.39530607382629,1.10616779595467e-05,0.0173871853914521
"MSTRG.22075",430.830614658063,-1.10074333605601,0.285962802289791,-3.8492535645966,0.000118478313370362,0.0600636237793234
"MSTRG.32565",65.6978399615986,-1.49411957885629,0.380279626522564,-3.92900243570538,8.52989756714643e-05,0.0528187191410395
"MSTRG.43603",361.404532783762,-1.18610197931076,0.317344451623673,-3.7375853689647,0.000185796014424772,0.0749923921685768
"MSTRG.15416",2284.89958340571,-3.31845027336094,0.53521108513651,-6.20026446670951,5.63683592603598e-10,5.9331836267104e-05
"MSTRG.22736",56.9809762222497,1.66586561363266,0.448370597664235,3.71537657087887,0.000202901292133649,0.0775145955142923
"MSTRG.43976",75.6139583281429,-2.36324636953094,0.642693514888787,-3.67709695956693,0.000235903390342518,0.0834464449223036
"MSTRG.54930",1638.09369407485,0.742620370966045,0.168014152491529,4.41998700677008,9.87068358895491e-06,0.0163331662298506
"MSTRG.10079",15.7281365956182,-3.26731745126851,0.664992135127593,-4.91331743441087,8.95481162763353e-07,0.00438610683634319
"MSTRG.53628",14.8992664644381,2.69096611178077,0.6725408367865,4.00119362957737,6.30237577970993e-05,0.0469190800192177
"MSTRG.30004",104.246767921517,1.88675587101827,0.497976405842572,3.78884591495032,0.000151348745290077,0.0668264699347467
"MSTRG.52300",1899.38101269701,-1.35298996351966,0.34098950892183,-3.96783457590134,7.25286484093718e-05,0.0491614978985788
"MSTRG.31510",1334.19344504943,1.53791064487179,0.426844127323942,3.60297951037436,0.000314590335370727,0.09531541030035
"MSTRG.38628",351.696429631506,-0.946711824438139,0.24512135989778,-3.86221676002832,0.000112362801843447,0.0586942366587575
"MSTRG.7142",112.036902655368,1.49986825900537,0.389256797761293,3.85315880835343,0.000116603707615027,0.0596769547349636
"MSTRG.33472",160.705842147709,1.31217169584989,0.35381075191279,3.70868236410556,0.000208340584077994,0.0775145955142923
"MSTRG.40335",775.08862465432,3.17011417635997,0.518238427850762,6.11709592726858,9.52960068280721e-10,8.24720750869151e-05
"MSTRG.6481",88.7221267139389,-1.42478598624686,0.342952187075644,-4.15447412187694,3.26036512086583e-05,0.0312989903210532
"MSTRG.11404",810.986585755391,-1.44571489480032,0.312214318284274,-4.63052079976672,3.64747138649051e-06,0.0093570676985091
"MSTRG.11402",52.3465435667108,-2.10966063568266,0.584074608033246,-3.61197115345677,0.000303878375504155,0.0940773870165266
"MSTRG.27378",166.358264018002,2.21279801160611,0.563594548261685,3.92622323695487,8.62900754549556e-05,0.0529868313209075
"MSTRG.12244",1092.97931155544,0.839112206276976,0.22941055996357,3.65768779959486,0.000254500776052493,0.086488327996571
"MSTRG.52488",463.438185951055,1.10907323982371,0.285044505690521,3.8908774513544,9.98823722107195e-05,0.0566980991074631
"MSTRG.42002",501.273206880266,-1.43863303893082,0.328902667015967,-4.37403883642263,1.2196866591119e-05,0.0182019263593552
"MSTRG.9618",789.454802004163,-2.75263979849649,0.591831459646801,-4.65105352821095,3.30243588925839e-06,0.00909292354149854
"MSTRG.9554",22.1228135589244,-2.22187365066115,0.578639231758842,-3.83982545377627,0.000123121814730627,0.0602601010389809
"MSTRG.30372",241.989504677711,1.60052872472479,0.365598883957988,4.37782716237369,1.19868346814122e-05,0.0180638859666254
"MSTRG.20700",170.493597081748,-1.86883340416266,0.355067941861453,-5.26331212658978,1.41483078068293e-07,0.0015659352842466
"MSTRG.31683",262.797908252305,1.36330191869974,0.302642831188195,4.50465624230164,6.64804701764256e-06,0.0129783504142594
"MSTRG.31973",14.011141768994,-2.57591880044533,0.672948889082757,-3.82780749360677,0.000129289812003713,0.0618221576385456
"MSTRG.37537",586.404431954573,1.60504557353261,0.271301659542628,5.91609198498255,3.29680881462626e-09,0.000179247971079609
"MSTRG.26705",850.870999577137,0.775037416615351,0.194791470718492,3.97880571339499,6.92623101443283e-05,0.0485542705591902
"MSTRG.14314",552.930644256036,1.82438716641812,0.498374675106367,3.66067390167597,0.000251552751904037,0.0862065407136824
"MSTRG.3440",64.2199263214633,2.94395774476137,0.671051668807603,4.38708058053489,1.14882236953841e-05,0.0176908807831329
"MSTRG.57542",332.298374709164,1.03330168589029,0.243575508580205,4.24222325107059,2.21316369992074e-05,0.0244534019874274
"MSTRG.33362",172.5558989259,1.7374488493201,0.461324200634626,3.76622090696728,0.000165737161279825,0.0709239987168194
"MSTRG.58901",484.579981691183,-0.952837795734035,0.212127043023651,-4.49182613471776,7.06150619848615e-06,0.0133370104942811
"MSTRG.17347",193.914001814817,1.19176531890297,0.30374457171051,3.92357734063082,8.72437401638453e-05,0.0531370687646717
"MSTRG.52425",723.443576981258,-0.895231499201939,0.192683429848053,-4.64612603122077,3.38226416181634e-06,0.0090977892073769
"MSTRG.3667",16.4256537017541,-3.49400706994694,0.658864136913537,-5.30307672582498,1.13867034302121e-07,0.00139287298067857
"MSTRG.59198",22.148471124899,-2.44963313355701,0.564194006802562,-4.34182764088497,1.4130236591052e-05,0.0193840011820689
"MSTRG.9182",552.455604685527,1.35318739444309,0.315508784406587,4.28890560682226,1.79555656853999e-05,0.0213349193189128
"MSTRG.9185",358.197213955439,-1.09719327766454,0.256280297109555,-4.28122368375243,1.85868411393656e-05,0.0217869955224767
"MSTRG.58319",3212.0870898227,-1.05210434085552,0.231518551086033,-4.54436301505943,5.51016267911591e-06,0.0116369151019983
"MSTRG.29828",998.35614329459,0.987590423198505,0.255177023293465,3.87021688101884,0.000108738572994035,0.0582229492762089
"MSTRG.20235",61.1119006812725,-1.73305696718735,0.39936194070636,-4.33956466688352,1.42765251848029e-05,0.0193850344608173
"MSTRG.55200",450.409269110749,1.31938461186187,0.280444158943974,4.7046250377618,2.54332954211914e-06,0.00795987456131281
"MSTRG.22789",3374.64334336855,1.43706203293209,0.2160481296546,6.65158284512596,2.89957563108599e-11,8.81841111278031e-06
"MSTRG.22788",257.568352193935,-1.69416693537326,0.302928866407588,-5.5926229661249,2.23664640404335e-08,0.000570585086457122
"MSTRG.22783",430.940606141365,-1.24948553999196,0.335110911956726,-3.72857312433118,0.000192567033067887,0.0755010184016477
"MSTRG.20782",243.218784335517,1.44830072715113,0.362772668491474,3.99230937979323,6.5432926853363e-05,0.0474447190584524
"MSTRG.12194",4879.20913665219,-1.99739325835083,0.439815746338991,-4.54143189500843,5.58734359413694e-06,0.0116870443239717
"MSTRG.9174",23.3152766992211,-3.95563005955269,0.647109120758398,-6.11277129723775,9.79156491867671e-10,8.24720750869151e-05
"MSTRG.19960",514.241389615023,0.803631160146891,0.191922691130337,4.18726496285494,2.82336153250278e-05,0.0285082770580027
"MSTRG.22082",354.85014324289,-1.29706946276051,0.280204869684296,-4.62900400061536,3.6742867105168e-06,0.0093570676985091
"MSTRG.13991",521.129428593545,1.01741758871996,0.258093767181983,3.94204633389142,8.07893642230981e-05,0.0514731610113299
"MSTRG.27831",1420.92597914286,-1.64283735717249,0.365702917290812,-4.49227304322018,7.04669974381474e-06,0.0133370104942811
"MSTRG.3193",2694.15992294631,1.88372035200687,0.40506022924559,4.65046977215025,3.31179785653141e-06,0.00909292354149854
"MSTRG.19511",70.3704062459554,2.28512098451221,0.602829993912783,3.79065575300956,0.000150250078506908,0.0668264699347467
"MSTRG.42342",167.402022617268,-1.39918080980298,0.353223110720327,-3.96118138178908,7.45798512450844e-05,0.0495940158855079
"MSTRG.29612",893.001409005112,1.609110658302,0.443296131276058,3.62987751251079,0.000283555744090763,0.0908739543476984
"MSTRG.8992",4664.4448821628,-1.01494950021215,0.180337768479823,-5.62804735118872,1.82261062092246e-08,0.000507941221517787
"MSTRG.16160",366.894503353214,1.17995644552708,0.214296818012519,5.50617809667221,3.66707557236634e-08,0.000737920201654366
"MSTRG.11301",486.182070820078,2.21322800578894,0.508684473096838,4.35088571175557,1.35588715207901e-05,0.0190865209319958
"MSTRG.48207",25.3460009260191,-3.81392463757949,0.629176802258468,-6.06176932126101,1.34632215212354e-09,9.70872104417405e-05
"MSTRG.43233",139.288395462577,-1.14707773019217,0.287636596253082,-3.98794084318426,6.66492769729532e-05,0.0475767142405384
"MSTRG.3437",187.937799914576,1.79220149047094,0.413470492017198,4.33453299587917,1.46069879023589e-05,0.0195731150781848
"MSTRG.49392",93.3987246587218,2.75865956820554,0.518851411695803,5.31685855722969,1.05574070610444e-07,0.00135127010535502
"MSTRG.23351",100.066169668138,-1.62932010237274,0.375517321513875,-4.33886803358162,1.43218486177759e-05,0.0193850344608173
"MSTRG.11118",181.768664419489,1.40498156470911,0.392919362932871,3.57575038863418,0.00034922474488145,0.0998476425956298
"MSTRG.13514",561.842146876188,1.93801444430055,0.534123767438849,3.62839956288301,0.0002851836549507,0.0908739543476984
"MSTRG.12382",239.565808232102,-1.11715156113528,0.301097714536368,-3.71026250682598,0.0002070444480511,0.0775145955142923
"MSTRG.3451",171.917341008688,3.06059108164984,0.658347616459829,4.64889824938949,3.33712776087892e-06,0.00909292354149854
"MSTRG.35636",1837.76854502909,3.36881536680714,0.3630680326225,9.27874410333961,1.71487908392869e-20,5.60002044736052e-12
"MSTRG.24358",477.692020969396,1.75154396235548,0.467997170301284,3.74263793353255,0.000182098517405098,0.0743067332982936
"MSTRG.53220",73.5114576451458,-2.73689778665645,0.485168025963182,-5.64113387567743,1.68933942245328e-08,0.000489095899654552
"MSTRG.55767",163.619744257427,-1.69855800646716,0.362289364750513,-4.68840151473078,2.75347372339462e-06,0.00831938089985146
"MSTRG.575",99.6233549392095,2.07385156323794,0.472891529804821,4.38546988586133,1.15735669595913e-05,0.0176942671534571
"MSTRG.1238",70.6796367209916,2.54798972581101,0.663231461015047,3.84178054809316,0.000122145020529941,0.0600924697919233
"MSTRG.1235",87.4905355584979,2.47761800394487,0.387692360824018,6.39068048356392,1.65149147662029e-10,2.693995883221e-05
"MSTRG.23436",246.836422465875,-2.17378167316282,0.393010517974902,-5.53110304620815,3.18223305449576e-08,0.000681673168384862
"MSTRG.6504",1851.91282017339,2.80312571156282,0.554624530372576,5.05409616426411,4.3243369703837e-07,0.00288928631690993
"MSTRG.40505",410.042938966596,1.69478933050183,0.344577087012116,4.91846206373624,8.72268172173954e-07,0.00437750276981075
"MSTRG.28227",179.535835628754,1.13442628634636,0.260497312906626,4.35484832334139,1.33159086562948e-05,0.0190865209319958
"MSTRG.29577",422.553443536891,2.74644473179511,0.521227492495658,5.26918624081977,1.37029879190522e-07,0.00155727372319801
"MSTRG.46571",1350.11353127196,-1.20251600651171,0.216926451193326,-5.54342727637221,2.96607894545213e-08,0.000657588497085891
"MSTRG.25618",155.651106000886,6.50470537035601,0.559267724554859,11.630754082105,2.87546088837048e-31,5.81820306219275e-13
"MSTRG.46437",560.505722235031,1.08646480259985,0.240057199377505,4.52585802640861,6.01509530538876e-06,0.0121959897755956
"MSTRG.45278",143.296283953313,2.8509725105184,0.614995896506682,4.63575859076878,3.55630823936173e-06,0.0093570676985091
"MSTRG.8558",1215.64769198514,0.889162518473925,0.243134842298278,3.65707567894814,0.000255109078937727,0.086488327996571
"MSTRG.8961",172.338477335235,1.34566628942448,0.372747947270452,3.61012394374934,0.000306050725813272,0.0941542183633878
"MSTRG.27170",362.880544176864,1.23218698835047,0.288114373976767,4.27672861767679,1.8965977411178e-05,0.0220141644530981
"MSTRG.48378",93.3480180238209,1.97185767747091,0.377035757816312,5.22989567061588,1.69605727923005e-07,0.00170172596786092
"MSTRG.32777",1676.07636975377,-2.39697318827944,0.382894481699317,-6.26014033328838,3.8463118971269e-10,4.60318335620772e-05
"MSTRG.44399",63.782464107103,1.40854568302438,0.38484801874868,3.66000502641073,0.000252210300883411,0.0862065407136824
"MSTRG.21007",226.339179849239,-1.89217328324458,0.335245914379512,-5.64413525142191,1.66013531624983e-08,0.000489095899654552
"MSTRG.21948",50.043052502526,-5.33136349606212,0.59616269736426,-8.94279954051639,3.79433629844969e-19,4.35783409358237e-11
"MSTRG.53682",71.5999989844779,2.55705652958958,0.520242299340853,4.91512614954487,8.87253095283901e-07,0.00438610683634319
"MSTRG.42374",610.911426772186,1.01926836254123,0.258103203406217,3.94907288669739,7.84544624907204e-05,0.0512995320977955
"MSTRG.43139",4549.20718564431,2.12643253904754,0.509115540753401,4.17671897404819,2.95744033292177e-05,0.0293748488867473
"MSTRG.44212",485.654743289596,-1.14572694973363,0.219240179646877,-5.22589860845312,1.73311316530657e-07,0.00170556165776871
"MSTRG.57899",198.333083441622,1.48956862669521,0.324534405358919,4.5898635155426,4.43535930515729e-06,0.0102206860678783
"MSTRG.36390",332.504163184617,2.04568748603409,0.317844393002406,6.43612890795467,1.22558957999774e-10,2.23021211099951e-05
"MSTRG.9396",524.619688220286,1.74639208756022,0.436149996436819,4.00410891167623,6.22516821624861e-05,0.0466786873740925
"MSTRG.50643",69.7636764528918,-2.02965070570148,0.549446468743106,-3.6939917192378,0.000220760993780197,0.0801899668386295
"MSTRG.10765",76.6210890417712,-2.8193473210066,0.513190815418021,-5.49376028623991,3.93464485360451e-08,0.000739066121591639
"MSTRG.33139",85.155011749194,2.21437687826055,0.502492971274316,4.40678179566356,1.04917785909354e-05,0.0168107285595223
"MSTRG.3638",82.9439826535834,-2.1551534688118,0.484069605713359,-4.45215614319725,8.50123092087345e-06,0.0147887043618811
"MSTRG.51314",396.191579008704,-2.41646781287491,0.385491662258966,-6.26853457404113,3.64461706342745e-10,4.54770594322529e-05
"MSTRG.27023",176.634275374416,2.00129210177994,0.515056556201156,3.88557737530931,0.000102086970720825,0.0569066751944401
"MSTRG.59292",193.565825699744,-1.12033895128356,0.304787853301447,-3.67579921295452,0.000237105957926741,0.0834464449223036
"MSTRG.42646",462.619978528119,-1.59653284785796,0.421242690719347,-3.79005471912545,0.000150614102227594,0.0668264699347467
"MSTRG.18814",23.0808230179603,3.78699677248662,0.648652753256966,5.83824974683547,5.27520425695263e-09,0.000242614951132952
"MSTRG.31371",811.786755668123,-1.28438183908682,0.265977808380447,-4.82890601628568,1.37285179731443e-06,0.00553281272282145
"MSTRG.23815",165.305678376509,-1.8441376218653,0.497244028546686,-3.70871748275234,0.000208311694855468,0.0775145955142923
"MSTRG.50093",250.658954692384,-1.86925643780709,0.405282554465849,-4.61223020139792,3.98371447275405e-06,0.00968091600710561
"MSTRG.45904",997.942530403803,-1.24836526227626,0.340727647922315,-3.66382144181293,0.000248480037676531,0.0859329045070114
"MSTRG.12346",2084.80057687985,-1.36312852252242,0.251245293966313,-5.42548877633978,5.77961617881197e-08,0.000914353247304276
"MSTRG.33965",25.5207490100984,-3.47741351319039,0.663696389614059,-5.23946426047686,1.61043430047862e-07,0.00167221361340859
"MSTRG.27294",52.3056461405464,1.61156623773563,0.444111465668646,3.62874269708233,0.000284804925770463,0.0908739543476984
"MSTRG.23994",74.6802419991261,-2.17107081107521,0.594879911923497,-3.64959509904314,0.000262653989954769,0.0876954204364548
"MSTRG.50449",498.965462312786,0.77574377057977,0.213621532185142,3.63139315894171,0.000281895357175291,0.0907805936139006
"MSTRG.9173",6732.03827527059,-2.01357835417745,0.351416003263949,-5.72989942255148,1.00490199639922e-08,0.000359572959711921
"MSTRG.1845",80.7701595381279,2.1391334922752,0.491333964265822,4.35372607605422,1.33842930625852e-05,0.0190865209319958
"MSTRG.27314",2204.2587028747,1.21465060159492,0.280570035973963,4.32922424298949,1.49635508611646e-05,0.0195888805152408
"MSTRG.52426",5658.94499327221,-0.908970795619483,0.234166930016135,-3.88172145211474,0.000103719640741983,0.0571620765919896
"MSTRG.35546",833.250187551351,1.9226735816754,0.424133136994018,4.53318407352481,5.81011406304861e-06,0.011958103154036
"MSTRG.23306",142.565353101033,-1.36496481914731,0.346245290249801,-3.94219028412646,8.07408778298194e-05,0.0514731610113299
"MSTRG.10614",307.459090057291,-1.03478619280122,0.27599010197993,-3.74935979724545,0.000177286578189022,0.0733101819450136
"MSTRG.38070",1619.90526115219,0.690352579747826,0.186149158413162,3.70859898391575,0.000208409189176517,0.0775145955142923
"MSTRG.25327",76.3206469201755,-1.57287935024539,0.403846242825719,-3.8947480091431,9.83008688113942e-05,0.0564486786545818
"MSTRG.39060",426.059777217633,2.06824677780572,0.482158898588122,4.28955430224776,1.79032037062956e-05,0.0213349193189128
"MSTRG.26988",270.985648099633,1.20032480350775,0.313627309217142,3.82723305092253,0.000129591806478767,0.0618221576385456
"MSTRG.7408",150.24819473384,2.7283366009777,0.393345198406006,6.93623975081945,4.02674003504922e-12,2.61596991216799e-06
"MSTRG.53446",130.111440012353,-1.56000751531373,0.427280072274467,-3.65101865624017,0.000261202263329554,0.0875614981301856
"MSTRG.22493",798.63805972899,1.22400558753394,0.244610814565962,5.00388991265908,5.618485095718e-07,0.00337283535628128
"MSTRG.13632",40.4538066458214,-2.42194336445709,0.502480254547791,-4.81997718823146,1.43574637540197e-06,0.00567355282920772
"MSTRG.912",801.160581897386,1.20450561327744,0.305164502646295,3.94706986832456,7.91134753661939e-05,0.0513884178253046
"MSTRG.25960",423.515428925731,-0.796547649308674,0.204771323834534,-3.88993748925668,0.000100270047791197,0.0566980991074631
"MSTRG.13342",27.5170631828096,-1.98128984911474,0.506398629771802,-3.91251028859925,9.13416453175762e-05,0.054781313223127
"MSTRG.49715",300.205851381696,1.00903611112341,0.271327415749404,3.71888741259875,0.000200102210985577,0.0772498500368956
"MSTRG.13964",463.817708060978,1.8995127057933,0.299779158174406,6.33637347359617,2.35236185599634e-10,3.39243660208004e-05
"MSTRG.47597",812.859441040761,1.01497500799983,0.264619763727966,3.83559789223925,0.000125259201751605,0.0606561109899776
"MSTRG.33109",220.231463591255,-1.56356431342809,0.359651216110255,-4.34744620173553,1.37731839289613e-05,0.0192119788318987
"MSTRG.3644",312.703811831031,-1.40535342843715,0.334728172285593,-4.19849162632802,2.6869878746804e-05,0.0277264037837667
"MSTRG.5881",240.59867966986,-1.58392146189596,0.38778769047731,-4.08450680821349,4.41705314647301e-05,0.0378729413713767
"MSTRG.45888",226.491185421217,2.42343781854794,0.556951028098906,4.35125836255316,1.35358439581185e-05,0.0190865209319958
"MSTRG.426",58.148755399623,1.96220421183571,0.485289265444667,4.04337031860318,5.26883034837754e-05,0.0420972457755628
"MSTRG.55223",914.649135310295,1.96788667254821,0.367172655725635,5.35956760902883,8.34213709538267e-08,0.00116619585845369
"MSTRG.26342",366.61867825581,2.18474549135864,0.420336395159293,5.19761199962401,2.01864917978448e-07,0.00186624804227259
"MSTRG.52215",115.53937113025,-1.7946804290072,0.383203570252419,-4.68336040769409,2.82209666558677e-06,0.00835252013112247
"MSTRG.34944",38.9559491501822,-2.03597412399136,0.527157275671703,-3.86217589693156,0.000112381602862313,0.0586942366587575
"MSTRG.18741",38.5449561154113,2.85681133011763,0.672685333084592,4.24687619844148,2.16771659405468e-05,0.0241900483630645
"MSTRG.4765",1407.61379601475,-1.29403181695403,0.287495789882049,-4.50104614570158,6.7619822062758e-06,0.01306625373771
"MSTRG.14914",223.202382187891,2.27927018502075,0.484921394872623,4.70028794175902,2.59794911162063e-06,0.00802744934244164
"MSTRG.23006",186.385813054365,-1.46090141549398,0.403854041421378,-3.6173995197678,0.000297577794042682,0.0928556116442762
"MSTRG.13066",297.629877682061,1.05053482314548,0.266436085444946,3.94291494483977,8.04972096821005e-05,0.0514731610113299
"MSTRG.7312",111.07764387785,2.38826228086944,0.436055083438746,5.47697383100208,4.32661173217641e-08,0.000781201358815884
"MSTRG.13260",14328.9276001556,-0.571923722340738,0.15498707338721,-3.69013821502312,0.000224132241101515,0.0808797866503723
"MSTRG.49582",84.345829211041,1.47962685535349,0.374956653670263,3.94612774802142,7.94252486801208e-05,0.0513884178253046
"MSTRG.9125",1337.36596618674,-0.987966365394331,0.250971889863676,-3.93656184336412,8.26573261828003e-05,0.052109740761549
"MSTRG.10214",1493.18551646914,-1.78956585202142,0.46383623100841,-3.85818470482735,0.000114232308763437,0.0592170260321854
"MSTRG.39568",97.9275879684586,5.92610012278147,0.575568642205055,10.2960788483508,7.33922043606229e-25,5.81820306219275e-13
"MSTRG.42940",1430.98648157954,1.8671538909882,0.282549300717348,6.60824106181749,3.88913046518891e-11,1.02311084747456e-05
"MSTRG.46703",946.639708736835,-0.878387933399342,0.24388502774594,-3.6016476350257,0.000316206767383777,0.09531541030035
"MSTRG.10988",238.578384736396,-1.25975059236446,0.257134547791228,-4.89918839450262,9.62333383193577e-07,0.00454673615598261
"MSTRG.58030",300.895825709579,1.12260745068865,0.234125939114788,4.79488712328562,1.62766454407377e-06,0.00612692081720054
"MSTRG.238",91.496125910867,3.58924816121312,0.508729823004,7.0553130540273,1.72212568213466e-12,1.46776554437784e-06
"MSTRG.303",178.580412215591,3.46247726919866,0.567396168270553,6.10239804712188,1.04488760425372e-09,8.44412997387879e-05
"MSTRG.22681",501.368936332674,4.07382491524771,0.505974869341522,8.05143725922477,8.1827360233016e-16,8.51639473228464e-09
"MSTRG.23080",103.560364059074,-1.68931808629276,0.459898322566829,-3.67324254818798,0.000239491959693113,0.083835373678418
"MSTRG.24537",3511.21347874075,0.785127599810145,0.16602269685844,4.7290377440356,2.25586447485264e-06,0.00739307210463352
"MSTRG.51998",1243.10401261998,-2.75862726313798,0.557679653426387,-4.94661629878184,7.55146188444068e-07,0.0040426374349908
"MSTRG.57840",383.464503785457,1.20477876713477,0.269969965604067,4.46263999937563,8.09560011614896e-06,0.0143434769382417
"MSTRG.27759",650.271346319776,-1.16068196886597,0.221957271229872,-5.22930365125953,1.70149702555402e-07,0.00170172596786092
"MSTRG.18353",25.6718657357347,-4.30981801111461,0.632749546019424,-6.81125421302524,9.67514875466366e-12,4.39933392622963e-06
"MSTRG.47540",124.862514218264,2.58434815680503,0.470083557150995,5.4976357234612,3.849170371752e-08,0.000737920201654366
"MSTRG.1258",65.0695810173073,-2.85222730520051,0.512611447946002,-5.56411160271427,2.63491283680387e-08,0.000612492828330016
"MSTRG.38652",81.3596963832096,2.75038476222078,0.451515956705338,6.09144532186642,1.11895804745805e-09,8.67302277885309e-05
"MSTRG.38653",23.740088617223,-3.95993787527211,0.647287369719313,-6.11774315477417,9.49098757196896e-10,8.24720750869151e-05
"MSTRG.38654",52.5176235008524,3.59442603577253,0.664031755953045,5.41303334298171,6.19659460479019e-08,0.000949592940801214
"MSTRG.48666",237.906307472013,-1.93052393976491,0.439781449384501,-4.38973481593366,1.13488971911942e-05,0.0176253651737642
"MSTRG.9445",481.979744585543,2.28661011593626,0.393953555487846,5.804263177939,6.46496643017662e-09,0.0002651402907908
"MSTRG.9446",229.643789920008,2.50303056816328,0.482202816124886,5.19082528028003,2.09364018546227e-07,0.00189619957646506
"MSTRG.37710",261.457384826345,2.01825887232075,0.392508384102457,5.14195098516398,2.7190006112326e-07,0.00224890093394677
"MSTRG.46032",231.420941238694,-1.21746168962977,0.314990464746551,-3.86507474316524,0.000111055185886906,0.0586942366587575
"MSTRG.22448",2355.82381726044,-1.0776405765714,0.240666110454895,-4.47774127622081,7.54369469105112e-06,0.0138454539206129
"MSTRG.55120",951.176070323255,1.08100281249759,0.288407417903352,3.748179642383,0.000178122661636749,0.0733101819450136
"MSTRG.54450",1305.45783909854,2.5005684842456,0.672953010603135,3.7158143954278,0.000202550232049654,0.0775145955142923
"MSTRG.54985",377.149842661661,1.36881789429412,0.333973181507372,4.09858626407073,4.15681314309238e-05,0.0366686865009841
"MSTRG.44338",1751.63834430249,2.83311306404349,0.515030793040012,5.50086150639809,3.77939995458478e-08,0.000737920201654366
"MSTRG.55985",310.653192800633,3.07024377751505,0.632625538013341,4.85317710561711,1.214990935674e-06,0.00513791253141555
"MSTRG.39974",1333.59510537669,1.84474727847172,0.331282556946805,5.56850108702808,2.56940026553908e-08,0.000611116487050746
"MSTRG.39977",532.693810070027,1.64080855308951,0.330233659981708,4.96862904036009,6.74279225572387e-07,0.00375275499308022
"MSTRG.8983",402.578121267312,1.79917826823707,0.391349395786538,4.59737075771145,4.27855863428697e-06,0.0100771676845111
"MSTRG.16644",555.573416476559,1.01179505785611,0.242858263912409,4.16619571249602,3.09724829711592e-05,0.0302637945771073
"MSTRG.49043",129.048659997432,-1.50989138420157,0.379918094435526,-3.97425499421115,7.05998943608173e-05,0.0488918974446979
"MSTRG.18546",156.089289858238,-1.719750416661,0.352196073949749,-4.88293466015857,1.04518512507853e-06,0.00476178043282721
"MSTRG.41987",164.703450180715,1.33660883948752,0.372984204725611,3.58355346567775,0.000338951344302744,0.0983594392169522
"MSTRG.38461",223.656486515279,-1.28850645981912,0.327387840861665,-3.9357187378366,8.29480740026597e-05,0.052109740761549
"MSTRG.13961",121.347152661973,1.62076079506832,0.408229973500525,3.97021507551366,7.1807781850706e-05,0.0491614978985788
"MSTRG.44592",794.891283863009,1.25709103520119,0.323628916537509,3.88435943441255,0.000102600030294404,0.0569066751944401
"MSTRG.13584",110.019637210005,-1.69360077735178,0.371521933880985,-4.55854856175011,5.15083554273803e-06,0.0112060072347517
"MSTRG.10266",57.0487536958563,4.08456327120108,0.531378135533216,7.68673567477966,1.50936519349118e-14,5.91858075490513e-08
"MSTRG.7721",545.676981456381,2.59981700102931,0.671219188084191,3.87327574536384,0.000107382214756255,0.0578747276854758
"MSTRG.20953",139.151729889364,-1.34746063209391,0.371765974396475,-3.62448616843266,0.000289536514054184,0.091212844858753
"MSTRG.56839",33.1826282692973,-2.23205670116292,0.614406636074194,-3.63286554882422,0.000280291085197818,0.0906266389700167
"MSTRG.28372",45.7275705734713,-5.27113467083959,0.596149832688515,-8.84196284525963,9.4051501311456e-19,7.70118514413877e-11
"MSTRG.25558",55.2140673031764,2.34979925552097,0.50984326320289,4.60886594982011,4.04871253801736e-06,0.00973561729836786
"MSTRG.44992",252.781506368421,1.02785540001311,0.253864485835923,4.04883493895807,5.14732301147109e-05,0.0417168369086803
"MSTRG.3425",616.853693246615,-1.70091859994599,0.385382993195138,-4.41357981535199,1.01675208456965e-05,0.016514124618289
"MSTRG.42417",232.880016145794,-1.08816022223858,0.282459731659372,-3.85244373010603,0.000116944855950754,0.0596769547349636
"MSTRG.57059",207.974352503348,1.04326233095928,0.271533081613554,3.84211870155861,0.000121976816893962,0.0600924697919233
"MSTRG.53233",94.8107756034777,-1.58657640296153,0.39780159574986,-3.98836108228983,6.65313443070717e-05,0.0475767142405384
"MSTRG.28060",80.4923486446349,3.90456761433661,0.57039074748386,6.84542593224147,7.62486624828878e-12,3.84253951681401e-06
"MSTRG.18389",192.993093772504,2.11469364613112,0.488711505911571,4.32707971993964,1.51099285204417e-05,0.0195888805152408
"MSTRG.957",92.9606743342073,1.65846864119338,0.424013451110415,3.91135855914512,9.17783989270491e-05,0.054781732287314
"MSTRG.10345",64.1628837858482,2.98696871406994,0.662450881951802,4.50896631803,6.51442491722888e-06,0.0128599972824261
"MSTRG.32978",138.984013773916,1.84662158374439,0.365227277134893,5.05608890505283,4.27941894969271e-07,0.00288928631690993
"MSTRG.48873",251.24386388437,-0.999160459086578,0.259978033813449,-3.84324954085752,0.0001214159018762,0.0600924697919233
"MSTRG.55801",55.4782128895964,1.91077505311497,0.489636795730033,3.90243353803928,9.5230391399482e-05,0.0557128906183771
"MSTRG.11189",291.857686398708,2.01635295661114,0.422554924719103,4.77181270092055,1.82575249105454e-06,0.00656657305475519
"MSTRG.24585",323.91178054244,1.92743607462043,0.507467429763926,3.79814735207159,0.000145781653706811,0.0663341355287655
"MSTRG.3649",46.3417781604056,-1.95394759461985,0.485671586722699,-4.02318696015355,5.7415882258137e-05,0.0446803346139769
"MSTRG.6805",68.9032222504051,-1.8117811439601,0.443174541764185,-4.08818867786895,4.34754494708049e-05,0.0375881702339093
"MSTRG.50738",126.120311616944,2.17317867220685,0.452393905566576,4.80373109687491,1.55735951593492e-06,0.00597699777440914
"MSTRG.39003",606.042545926007,3.33861962522241,0.392141113948069,8.51382195457461,1.68292354612235e-17,5.80026360275099e-10
"MSTRG.33988",65.2204274221622,1.88037905903688,0.385915648245228,4.87251311934882,1.10187536547316e-06,0.00485920266976321
"MSTRG.17680",406.921141211543,1.10792614998259,0.303343474868685,3.65238167876266,0.000259819322176869,0.0874435566286328
"MSTRG.39243",184.112496075616,1.37892526134746,0.29826027178134,4.62322807228705,3.77813922526245e-06,0.00948989288618791
"MSTRG.54310",52.8272769159774,1.9173349115813,0.49315255739398,3.8879143640931,0.000101109284340762,0.0568554045048594
"MSTRG.41024",83.2495737175836,1.28854033053215,0.345021218538688,3.73466981535125,0.000187961627602395,0.0754245456190196
"MSTRG.41026",541.446682308732,-7.67308578575422,0.448633747854822,-17.1032291316551,1.40404760846331e-65,5.81820306219275e-13
"MSTRG.21667",550.87077930996,1.04053572548517,0.240833555828441,4.32055957445731,1.55634030337234e-05,0.0199263791193908
"MSTRG.56448",143.359865755898,-2.26201679187215,0.459441636317458,-4.92340400404889,8.50516081026711e-07,0.00433481498169421
"MSTRG.7422",2541.73310276899,-1.64143186048377,0.382181004786239,-4.29490696797411,1.74766608711996e-05,0.0211064168582456
"MSTRG.106",904.695165536436,-2.91628913748265,0.482057413772485,-6.04967179046237,1.45141220585572e-09,0.000100315139381379
"MSTRG.20273",3388.7696946125,3.52846086465614,0.527272783978166,6.69190781673694,2.20279622547057e-11,7.466602680996e-06
"MSTRG.22122",458.557220769608,1.09490191190539,0.28677970352359,3.81791981249929,0.000134581650775198,0.0631898566800687
"MSTRG.12560",495.549846188847,4.22755589542622,0.296213066716779,14.2720101523015,3.27014777551081e-46,5.81820306219275e-13
"MSTRG.36203",405.690699396776,-0.907081852258632,0.251761995504778,-3.60293399502156,0.000314645447230819,0.09531541030035
"MSTRG.24123",38.8763665564311,2.22630464041117,0.622201492405424,3.57810880813593,0.000346089379626993,0.0996338727388419
"MSTRG.31291",67.047768680797,2.2148145687033,0.524608159037192,4.22184544893112,2.42310237838416e-05,0.0259149303988489
"MSTRG.46446",313.039132656122,1.07378345647352,0.240137622211479,4.47153364218744,7.7660639619335e-06,0.0139876557920777
"MSTRG.8771",60.2369711393508,2.19228048454498,0.576574529945536,3.80224996194692,0.000143387950171923,0.0658284592031027
"MSTRG.56877",100.700566259009,1.30229063892214,0.350807761269918,3.71226290492512,0.000205414453241685,0.0775145955142923
"MSTRG.18106",262.589246263601,-1.09365001581149,0.266518839478914,-4.10346232164955,4.0701276386368e-05,0.0362548087208131
"MSTRG.24575",138.915573260819,-1.2268407837999,0.292917971763822,-4.18834247831368,2.80999247625873e-05,0.0285082770580027
"MSTRG.48338",125.335019371353,2.33478213822795,0.629600051911121,3.7083576012118,0.000208607918157378,0.0775145955142923
"MSTRG.27010",180.455693455403,-1.26139395850439,0.317761531164956,-3.96962449759087,7.19859867793587e-05,0.0491614978985788
"MSTRG.50988",44.1364820195043,-2.86782240064362,0.52805406433744,-5.4309257220507,5.60624671707715e-08,0.000906346715659033
"MSTRG.43273",639.338240818864,-1.20270144362229,0.258747913128763,-4.64815900959084,3.34910702955043e-06,0.00909292354149854
"MSTRG.52075",165.806464459247,1.28315025268131,0.332843157832336,3.85511981390246,0.00011567296396776,0.0595769892308444
"MSTRG.42626",47.6503641588587,1.88438109036769,0.496326068806427,3.79665951236307,0.000146659006546737,0.0663341355287655
"MSTRG.5570",49.313823284268,1.97831272124858,0.550021031555083,3.59679468193292,0.000322162573657531,0.0963335087861097
"MSTRG.56844",208.159319679076,-1.22623435797481,0.343019639026554,-3.57482260040478,0.000350465444980969,0.0998733054511447
"MSTRG.12118",214.942405225471,-2.52503502804406,0.305090337743765,-8.27635200353264,1.27006188315363e-16,2.34777920181929e-09
"MSTRG.12803",208.237196643834,1.27992746788954,0.340358921733477,3.76052274866414,0.000169558653557029,0.0717118211464777
"MSTRG.42388",975.009136534795,3.39855609255415,0.250878889867643,13.5466004905679,8.29852285975431e-42,5.81820306219275e-13
"MSTRG.18400",414.91643174698,-1.38070078285908,0.25090071100695,-5.50297676446534,3.73431653309065e-08,0.000737920201654366
"MSTRG.18403",97.6790864573614,1.98700783310705,0.454819998971753,4.36877850050401,1.24943409696465e-05,0.0184329160406773
"MSTRG.19447",247.446027152959,1.5721186052467,0.386191695853829,4.07082446910443,4.68470400392424e-05,0.0393938235451455
"MSTRG.34003",419.085376874334,4.2533070857373,0.413916772662871,10.2757543705569,9.06325896882231e-25,5.81820306219275e-13
"MSTRG.34004",1069.17736062297,3.76643241964619,0.416898468031088,9.0344117536199,1.6488685053202e-19,2.62465604805584e-11
"MSTRG.26058",329.061277956085,-0.934537302852453,0.2332990980205,-4.00574760374913,6.18216353278695e-05,0.0466261641341245
"MSTRG.36785",81.9244261847849,1.58416507206715,0.441027615556038,3.59198611649266,0.00032816733693241,0.0969548448585277
"MSTRG.37064",120.347974119256,1.50092542308324,0.346747080271033,4.32858849715488,1.5006803052422e-05,0.0195888805152408
"MSTRG.5983",340.276870896662,-1.27778458951099,0.297064266153785,-4.30137426508749,1.69742081529217e-05,0.0207699419786697
"MSTRG.7585",103.299134247225,3.76959083522765,0.661057657294554,5.7023631654992,1.18157753608924e-08,0.000397376849638905
"MSTRG.7580",94.4420759174951,2.75292378440635,0.474015188789508,5.80766998508314,6.33482238708394e-09,0.0002651402907908
"MSTRG.18616",104.975859414617,1.69924611539096,0.363845231039394,4.67024429738089,3.00841747335484e-06,0.00865615096018882
"MSTRG.3533",558.087703783236,-0.816652885145914,0.220003290396858,-3.71200305083064,0.000205625508215297,0.0775145955142923
"MSTRG.6577",886.791797264046,1.06143020429498,0.27658096177896,3.83768353927143,0.0001242003981887,0.0604627169103547
"MSTRG.55587",180.557455759487,-1.17816264656084,0.278698758040384,-4.22736956147512,2.36439156901299e-05,0.025563206047986
"MSTRG.46016",23.0403651292583,-3.79222681076879,0.653236726904666,-5.8052872022951,6.42557655844785e-09,0.0002651402907908
"MSTRG.6782",1261.7343058375,-3.09388602994124,0.421433553497519,-7.34133768957116,2.11469499815329e-13,3.47481879670042e-07
"MSTRG.55850",47.5167057533167,2.5241292373721,0.500093661012195,5.04731300185497,4.48066965319122e-07,0.00290936611422972
"MSTRG.3743",1330.26502216286,-1.48323744932341,0.372887340062459,-3.97770932388041,6.95823597583293e-05,0.0485542705591902
"MSTRG.14146",59.4708385282658,2.1746754188224,0.541120902194288,4.01883462642806,5.84867016996364e-05,0.0451125303610399
"MSTRG.25970",287.86481877088,1.1689913758322,0.301764222257535,3.87385677164389,0.000107126387526699,0.0578747276854758
